solvent_1_smiles,solvent_2_smiles,solvent_3_smiles,salt_1_smiles,salt_2_smiles,additive_smiles,pre_feat_solv_1,pre_feat_solv_2,pre_feat_solv_3,pre_feat_solv_4,pre_feat_solv_5,pre_feat_solv_6,pre_feat_solv_7,pre_feat_solv_8,pre_feat_solv_9,pre_feat_solv_10,solv_ratio_1,solv_ratio_2,solv_ratio_3,num_heavy_atoms_solv_1,num_heavy_atoms_solv_2,num_heavy_atoms_solv_3,mw_solv_1,mw_solv_2,mw_solv_3,pre_feat_salt_1,pre_feat_salt_2,pre_feat_salt_3,pre_feat_salt_4,pre_feat_salt_5,pre_feat_salt_6,pre_feat_salt_7,pre_feat_salt_8,pre_feat_salt_9,pre_feat_salt_10,salt_1_conc,salt_2_conc,num_heavy_atoms_salt_1,num_heavy_atoms_salt_2,mw_salt_1,mw_salt_2,pre_feat_add_1,pre_feat_add_2,pre_feat_add_3,pre_feat_add_4,pre_feat_add_5,pre_feat_add_6,pre_feat_add_7,pre_feat_add_8,pre_feat_add_9,pre_feat_add_10,num_heavy_atoms_add,mw_add,protocol,current_density,coulombic_efficiency,log(1-CE)
CC1COC(=O)O1,,,[Li+].[O-][Cl+3]([O-])([O-])[O-],,,13.960964,-36.666103,-22.260607,16.980927,8.733797,24.34312,-13.19099,-21.466457,-0.9576501,-12.557255,1,0,0,7,0,0,102.0316941,0,0,-221.66641,12.393312,6.6704636,-47.994022,62.377254,-7.3509507,-0.9504158,-0.95536816,-7.1773186,2.3599467,1,0,6,0,105.9645157,0,0,0,0,0,0,0,0,0,0,0,0,0,0,2,0.8,-1.609437912
CC1COC(=O)O1,,,[Li+].[O-][Cl+3]([O-])([O-])[O-],,O=S=O,13.96078,-36.666084,-22.260595,16.980879,8.7338295,24.343128,-13.190999,-21.466469,-0.9577008,-12.557279,1,0,0,7,0,0,102.0316941,0,0,-221.66653,12.393236,6.6704593,-47.994152,62.377327,-7.3509207,-0.9504568,-0.9553708,-7.1772995,2.359975,1,0,6,0,105.9645157,0,412.1441,-53.276897,-22.963917,7.520813,21.92245,23.375114,0.48196778,13.548994,52.09653,0.002881047,3,63.96190024,1,5,0.836,-1.807888851
C1CCOC1,,,F[As-](F)(F)(F)(F)F.[Li+],,,60.811623,0.9465447,-4.255921,20.332489,45.908714,-7.113601,-13.5508585,-3.377986,6.3056355,-2.0231233,1,0,0,5,0,0,72.05751488,0,0,-93.11358,51.14956,-19.2729,-8.102279,-6.797103,18.451069,5.504963,-2.8257673,-5.475229,-0.039588515,1,0,8,0,195.9280204,0,0,0,0,0,0,0,0,0,0,0,0,0,1,5,0.894,-2.244316185
CC1CCCO1,,,F[As-](F)(F)(F)(F)F.[Li+],,,245.14778,29.954426,-0.5771807,18.008678,45.957737,14.886771,-29.603376,10.542392,11.49066,12.857011,1,0,0,6,0,0,86.07316494,0,0,-93.11358,51.149727,-19.272722,-8.102569,-6.7970967,18.451069,5.5049915,-2.8257804,-5.4752088,-0.03956837,1,0,8,0,195.9280204,0,0,0,0,0,0,0,0,0,0,0,0,0,1,0.9,0.974,-3.649658741
CC1CCCO1,,,F[As-](F)(F)(F)(F)F.[Li+],,,245.14778,29.95443,-0.57729423,18.008636,45.957726,14.886753,-29.60334,10.542382,11.490674,12.857035,1,0,0,6,0,0,86.07316494,0,0,-93.11358,51.14986,-19.272943,-8.102409,-6.797088,18.451368,5.505139,-2.8257325,-5.4752207,-0.039548125,1.5,0,8,0,195.9280204,0,0,0,0,0,0,0,0,0,0,0,0,0,1,0.9,0.974,-3.649658741
CCOCC,C1CCOC1,,F[As-](F)(F)(F)(F)F.[Li+],,,-154.55328,-72.43157,-9.156329,52.17902,6.134763,2.1620555,1.2767678,-21.716953,3.7484756,-0.4013755,0.9,0.1,0,5,5,0,74.07316494,72.05751488,0,-93.11358,51.14986,-19.272936,-8.102421,-6.797074,18.451189,5.505005,-2.8257706,-5.4752088,-0.039544195,2.5,0,8,0,195.9280204,0,0,0,0,0,0,0,0,0,0,0,0,0,2,5,0.978,-3.816712826
CC1CCCO1,COCCOC,,F[As-](F)(F)(F)(F)F.[Li+],,,304.1102,6.0249987,-0.09008936,36.36674,32.604332,11.592225,-31.14136,15.134139,-5.547846,17.793549,0.5,0.5,0,6,6,0,86.07316494,90.06807956,0,-93.11358,51.14986,-19.272936,-8.102427,-6.797142,18.451202,5.505035,-2.8257554,-5.4752235,-0.039545767,1.5,0,8,0,195.9280204,0,0,0,0,0,0,0,0,0,0,0,0,0,2,1.4,0.98,-3.912023005
O=C1OCCO1,C1COCO1,,F[As-](F)(F)(F)(F)F.[Li+],,,-112.02928,17.63916,-34.74918,-22.526962,25.204515,-11.907564,-8.81311,9.882314,5.7235265,7.292496,0.000999001,0.999000999,0,6,5,0,88.01604399,74.03677943,0,-93.11358,51.14986,-19.272936,-8.1024275,-6.797129,18.4512,5.5050187,-2.8257608,-5.4752197,-0.039581932,1,0,8,0,195.9280204,0,0,0,0,0,0,0,0,0,0,0,0,0,1,1.5,0.98,-3.912023005
C1COCO1,COCOC,,O=S(=O)(F)[N-]S(=O)(=O)F.[Li+],O=S(=O)([N-]S(=O)(=O)C(F)(F)F)C(F)(F)F.[Li+],,181.75179,-0.9639855,-12.597649,12.444557,29.045208,-31.193272,-6.119789,-3.504376,-12.363626,3.519224,0.666666667,0.333333333,0,5,5,0,74.03677943,76.0524295,0,459.2217,47.38395,62.609238,-11.724538,-10.754508,-3.0011091,-5.096341,-9.243779,0.5017682,-0.72151333,0.5,0.5,10,16,186.9396855,286.9332984,0,0,0,0,0,0,0,0,0,0,0,0,3,0.25,0.99,-4.605170186
COCCOC,,,O=S(=O)(F)[N-]S(=O)(=O)F.[Li+],,,-529.23944,99.002686,10.163011,36.577763,-28.83884,5.242559,-9.384589,13.633241,-4.331473,1.1740521,1,0,0,6,0,0,90.06807956,0,0,46.835907,-37.55774,-2.2605703,-1.6913636,-2.1326401,0.6418575,0.22894755,-0.13057806,0.11225376,0.04115838,4,0,10,0,186.9396855,0,0,0,0,0,0,0,0,0,0,0,0,0,1,0.2,0.991,-4.710530702
O=C1OCC(F)O1,,,O=S(=O)(F)[N-]S(=O)(=O)F.[Li+],,,725.1771,6.303111,-5.273685,5.303995,-4.99546,9.703532,-3.670454,-4.4642825,-5.8825216,-16.04398,1,0,0,7,0,0,106.0066222,0,0,46.835907,-37.55774,-2.2605703,-1.6913636,-2.1326401,0.64185643,0.22893459,-0.13058461,0.112261094,0.04115681,7,0,10,0,186.9396855,0,0,0,0,0,0,0,0,0,0,0,0,0,3,0.25,0.996,-5.521460918
C1CCOC1,CF,O=C=O,O=S(=O)([N-]S(=O)(=O)C(F)(F)F)C(F)(F)F.[Li+],,,-166.3335,-55.857277,-10.862164,4.5358987,7.46009,-14.590832,2.8087475,-14.49001,-1.9392511,13.393096,0.024390244,0.926829268,0.048780488,5,2,3,72.05751488,34.02187832,43.98982924,577.04285,37.36993,-40.724567,32.637367,20.762426,-5.7456594,2.9056952,-5.75283,-0.8732463,1.1802902,0.3,0,16,0,286.9332984,0,0,0,0,0,0,0,0,0,0,0,0,0,1,0.5,0.999,-6.907755279
O=C1OCCO1,COC(=O)OC,CCOC(=O)OCC,F[P-](F)(F)(F)(F)F.[Li+],,Cl[Al](Cl)Cl,-171.27257,-65.47478,-27.96839,-3.2576053,-22.514769,-8.945149,0.8565118,-3.2895947,11.007947,2.072473,0.243902439,0.317073171,0.43902439,6,6,8,88.01604399,90.03169405,118.0629942,-271.49637,29.128769,-4.6876454,2.8940535,-5.0519276,-6.773956,-1.2934432,0.9681572,1.7162256,-0.046534847,1,0,8,0,151.9801855,0,-231.487,223.0996,73.33155,16.195442,-18.349648,5.675779,-28.856236,40.022373,1.2124975,0.002880919,4,131.8880967,3,0.5,0.99,-4.605170186
O=C1OCC(F)O1,FC(F)(F)COC1OCO1,FC(F)C(F)(F)OCC(F)(F)F,F[P-](F)(F)(F)(F)F.[Li+],,,256.88116,-21.178617,54.167862,-15.252745,-11.276563,-19.246376,-34.239384,-7.4724274,11.514045,18.614899,0.2,0.6,0.2,7,10,12,106.0066222,158.0190787,200.0072123,-271.49637,29.128769,-4.6876454,2.8940535,-5.0519276,-6.773956,-1.2934432,0.9681572,1.7162259,-0.04653481,1,0,8,0,151.9801855,0,0,0,0,0,0,0,0,0,0,0,0,0,3,0.2,0.992,-4.828313737
COCCOC,,,O=S(=O)(F)[N-]S(=O)(=O)F.[Li+],,,-529.23944,99.002686,10.163011,36.577763,-28.83884,5.2425604,-9.3845825,13.633232,-4.3314834,1.1740683,1,0,0,6,0,0,90.06807956,0,0,46.835907,-37.55774,-2.2605703,-1.6913636,-2.1326401,0.64185625,0.22893032,-0.13060112,0.11225054,0.041150816,12,0,10,0,186.9396855,0,0,0,0,0,0,0,0,0,0,0,0,0,3,1,0.992,-4.828313737
O=C1OCCO1,COC(=O)OC,,O=S(=O)(F)[N-]S(=O)(=O)F.[Li+],,,5.0230193,-14.752433,-41.280296,-18.33751,-6.635223,-9.77851,5.0461082,12.535081,10.950473,-0.29916665,0.5,0.5,0,6,6,0,88.01604399,90.03169405,0,46.835907,-37.55774,-2.2605703,-1.6913636,-2.1326401,0.64185625,0.22893032,-0.13060111,0.11225055,0.041150827,10,0,10,0,186.9396855,0,0,0,0,0,0,0,0,0,0,0,0,0,1,0.2,0.993,-4.96184513
COC(=O)OC,FC(F)(F)COCC(F)(F)F,,O=S(=O)(F)[N-]S(=O)(=O)F.[Li+],,,-536.3401,-117.65732,31.820875,-10.327144,2.8750632,2.5950103,2.365262,-8.02437,2.0002565,-0.6866568,0.25,0.75,0,6,11,0,90.03169405,182.0166341,0,46.835907,-37.55774,-2.2605703,-1.6913636,-2.1326401,0.64185625,0.2289303,-0.13060114,0.11225057,0.041150816,2.5,0,10,0,186.9396855,0,0,0,0,0,0,0,0,0,0,0,0,0,2,0.5,0.995,-5.298317367
COCCOC,FC(F)(F)COC(OCC(F)(F)F)OCC(F)(F)F,,O=S(=O)(F)[N-]S(=O)(=O)F.[Li+],,,-176.5809,-27.320333,50.991154,-25.735516,-0.97882587,-8.755724,-1.781069,0.039571162,-0.49740002,-1.3608245,0.166666667,0.833333333,0,6,19,0,90.06807956,310.0251481,0,46.835907,-37.55774,-2.2605703,-1.6913636,-2.1326401,0.64185625,0.2289303,-0.13060114,0.11225057,0.041150816,1,0,10,0,186.9396855,0,0,0,0,0,0,0,0,0,0,0,0,0,2,0.5,0.995,-5.298317367
C1COCO1,COCCOC,,O=S(=O)(F)[N-]S(=O)(=O)F.[Li+],O=S(=O)([N-]S(=O)(=O)C(F)(F)F)C(F)(F)F.[Li+],O=[N+]([O-])[O-].[Li+],369.46603,-8.323037,-10.1422615,20.021454,26.374693,-29.214964,-10.730746,-0.41658464,-14.1218605,6.5347185,0.5,0.5,0,5,6,0,74.03677943,90.06807956,0,459.2217,47.38395,62.609238,-11.724538,-10.754508,-3.0011094,-5.096339,-9.243805,0.5017421,-0.72151434,2,1,10,16,186.9396855,286.9332984,649.99274,-44.898075,36.85108,15.282627,-10.243922,3.2195272,2.4579754,-4.113442,-0.5970532,0.002880913,5,69.00382241,2,0.5,0.996,-5.521460918
CN(C)S(=O)(=O)F,,,O=S(=O)(F)[N-]S(=O)(=O)F.[Li+],,,567.12494,43.042286,8.275193,-13.56106,-0.81457984,51.703777,15.795883,4.122063,-6.475287,16.394163,1,0,0,7,0,0,127.0103277,0,0,46.835907,-37.55774,-2.2605703,-1.6913636,-2.1326401,0.64185625,0.2289303,-0.13060114,0.11225057,0.041150816,2.5,0,10,0,186.9396855,0,0,0,0,0,0,0,0,0,0,0,0,0,1,0.5,0.99,-4.605170186
CC#N,CF,,O=S(=O)([N-]S(=O)(=O)C(F)(F)F)C(F)(F)F.[Li+],,,1077.1465,17.455935,17.468304,49.10414,-27.023987,27.993103,35.09123,-26.713427,14.036748,13.084747,0.6875,0.3125,0,3,2,0,41.0265491,34.02187832,0,577.04285,37.36993,-40.724567,32.637367,20.762426,-5.7456594,2.9056966,-5.752819,-0.8732324,1.1802845,1,0,16,0,286.9332984,0,0,0,0,0,0,0,0,0,0,0,0,0,1,3,0.994,-5.11599581
COCC(F)(F)C(F)(F)COC,,,O=S(=O)(F)[N-]S(=O)(=O)F.[Li+],,,-237.99327,-73.943695,46.617752,-2.5755875,14.4133625,-16.605463,8.303621,16.710106,-6.7688217,-9.43331,1,0,0,12,0,0,190.0616924,0,0,46.835907,-37.55774,-2.2605703,-1.6913636,-2.1326401,0.64185625,0.2289303,-0.13060114,0.11225057,0.041150816,1,0,10,0,186.9396855,0,0,0,0,0,0,0,0,0,0,0,0,0,2,0.5,0.995,-5.298317367
CCN(CC)S(=O)(=O)C(F)(F)F,,,O=S(=O)(F)[N-]S(=O)(=O)F.[Li+],,,-187.4074,-53.05052,32.843388,-8.683741,5.6775494,47.98455,19.213034,17.077639,-3.1234512,11.366713,1,0,0,12,0,0,205.0384342,0,0,46.835907,-37.55774,-2.2605703,-1.6913636,-2.1326401,0.64185625,0.2289303,-0.13060114,0.11225057,0.041150816,1,0,10,0,186.9396855,0,0,0,0,0,0,0,0,0,0,0,0,0,3,0.5,0.99,-4.605170186
O=C1OCCO1,CCOC(=O)OCC,,[Li+].[O-][Cl+3]([O-])([O-])[O-],,,264.50815,-11.799558,-34.609314,-8.30095,-9.178205,-5.388664,-1.3382225,6.058027,-1.7059735,-2.9999146,0.27027027,0.72972973,0,6,8,0,88.01604399,118.0629942,0,-221.66653,12.3932705,6.67048,-47.99417,62.377247,-7.350935,-0.9504153,-0.9553706,-7.1773024,2.359979,1,0,6,0,105.9645157,0,0,0,0,0,0,0,0,0,0,0,0,0,1,1,0.861,-1.973281346
C1COCO1,,,[Li+].[O-][Cl+3]([O-])([O-])[O-],,,100.62685,43.103977,-9.889453,-1.130639,41.00381,-13.008701,-0.3875848,-6.9210644,4.066602,-0.68142736,1,0,0,5,0,0,74.03677943,0,0,-221.66653,12.3932705,6.67048,-47.99417,62.377247,-7.350935,-0.9504153,-0.9553706,-7.1773024,2.359979,1,0,6,0,105.9645157,0,0,0,0,0,0,0,0,0,0,0,0,0,1,1,0.93,-2.659260037
O=C1OCCO1,CCOC(=O)OC,,O=C1O[B-](F)(F)OC1=O.[Li+],,,46.720318,-25.77961,-40.019657,-14.538684,-8.466415,-7.5989985,4.8288984,12.185302,12.204141,-1.3004963,0.3,0.7,0,6,7,0,88.01604399,104.0473441,0,-149.93027,13.300766,11.945509,26.116226,33.227097,30.072868,-43.61347,6.027027,15.223713,-5.8021784,1.2,0,10,0,144.0017749,0,0,0,0,0,0,0,0,0,0,0,0,0,1,0.5,0.95,-2.995732274
O=C1OCCO1,CCOC(=O)OCC,,O=C1O[B-](F)(F)OC1=O.[Li+],,,264.50815,-11.799558,-34.609314,-8.30095,-9.178205,-5.388664,-1.3382225,6.058027,-1.7059735,-2.9999146,0.25,0.75,0,6,8,0,88.01604399,118.0629942,0,-149.93027,13.300766,11.945509,26.116226,33.227097,30.072868,-43.61347,6.027027,15.223713,-5.8021784,1,0,10,0,144.0017749,0,0,0,0,0,0,0,0,0,0,0,0,0,1,0.1,0.95,-2.995732274
C1COCO1,COCOC,,O=S(=O)(F)[N-]S(=O)(=O)C(F)(F)C(F)(F)C(F)(F)C(F)(F)F.[Li+],,,181.75179,-0.9639855,-12.597649,12.444557,29.045208,-31.193274,-6.11979,-3.504375,-12.363632,3.5192273,0.5,0.5,0,5,5,0,74.03677943,76.0524295,0,1091.2976,68.71759,-31.737816,-26.854004,-14.32159,-11.565385,-9.504401,46.245247,-18.031748,-27.121483,3,0,22,0,386.9269112,0,0,0,0,0,0,0,0,0,0,0,0,0,1,0.5,0.97,-3.506557897
CC1COC(=O)O1,,,F[As-](F)(F)(F)(F)F.[Li+],,,13.96078,-36.66609,-22.260609,16.980927,8.733795,24.343122,-13.191003,-21.466476,-0.9576517,-12.557266,1,0,0,7,0,0,102.0316941,0,0,-93.11358,51.149864,-19.272934,-8.102427,-6.7971306,18.451204,5.505031,-2.8257568,-5.4752183,-0.039569993,1,0,8,0,195.9280204,0,0,0,0,0,0,0,0,0,0,0,0,0,1,2.5,0.842,-1.845160246
C1CCOC1,,,F[As-](F)(F)(F)(F)F.[Li+],,,60.811623,0.94652283,-4.2559676,20.332535,45.908714,-7.1135936,-13.550861,-3.3779814,6.3056235,-2.0231369,1,0,0,5,0,0,72.05751488,0,0,-93.11358,51.149864,-19.272934,-8.102427,-6.7971306,18.451204,5.505031,-2.8257568,-5.4752183,-0.039569993,0.5,0,8,0,195.9280204,0,0,0,0,0,0,0,0,0,0,0,0,0,2,1,0.95,-2.995732274
CC1CCCO1,COCCCOC,,F[As-](F)(F)(F)(F)F.[Li+],,,215.43028,-4.2700777,-3.1042478,33.873676,34.314564,10.125251,-26.70879,10.996937,-6.5181875,16.396349,0.75,0.25,0,6,7,0,86.07316494,104.0837296,0,-93.11358,51.149864,-19.272934,-8.102427,-6.7971306,18.451204,5.505031,-2.8257568,-5.4752183,-0.039569993,1.4,0,8,0,195.9280204,0,0,0,0,0,0,0,0,0,0,0,0,0,1,1.4,0.945,-2.900422094
CC1CCCO1,,,F[As-](F)(F)(F)(F)F.[Li+],,,245.14778,29.954426,-0.57727647,18.008635,45.957726,14.886755,-29.60334,10.542385,11.49064,12.857016,1,0,0,6,0,0,86.07316494,0,0,-93.11358,51.149864,-19.272934,-8.102427,-6.7971306,18.451204,5.505031,-2.8257568,-5.4752183,-0.039569993,1.5,0,8,0,195.9280204,0,0,0,0,0,0,0,0,0,0,0,0,0,1,2.5,0.968,-3.442019376
O=C1OCCO1,CC1COC(=O)O1,,F[As-](F)(F)(F)(F)F.[Li+],,,-385.47214,-40.163303,-45.667118,-16.30103,7.533643,1.2574501,-7.739797,8.748746,9.0263605,6.7882843,0.428571429,0.571428571,0,6,7,0,88.01604399,102.0316941,0,-93.11358,51.149864,-19.272934,-8.102427,-6.7971306,18.451204,5.505031,-2.8257568,-5.4752183,-0.039569993,1.5,0,8,0,195.9280204,0,0,0,0,0,0,0,0,0,0,0,0,0,2,0.5,0.97,-3.506557897
COCOC,,,F[As-](F)(F)(F)(F)F.[Li+],,,-471.40714,88.3439,-3.671805,10.344913,-17.948055,-3.0270119,11.169271,-14.598171,12.783141,-5.050192,1,0,0,5,0,0,76.0524295,0,0,-93.11358,51.149864,-19.272934,-8.102427,-6.7971306,18.451204,5.505031,-2.8257568,-5.4752183,-0.039569993,1.5,0,8,0,195.9280204,0,0,0,0,0,0,0,0,0,0,0,0,0,2,0.5,0.975,-3.688879454
O=C1OCCO1,COC(=O)OC,,F[P-](F)(F)(F)(F)F.[Li+],,O=c1occo1,5.0230193,-14.752433,-41.280296,-18.33751,-6.635223,-9.778509,5.0461082,12.535081,10.950474,-0.2991669,0.5,0.5,0,6,6,0,88.01604399,90.03169405,0,-271.49637,29.128769,-4.6876454,2.8940535,-5.0519276,-6.773956,-1.2934432,0.9681573,1.7162259,-0.04653487,1,0,8,0,151.9801855,0,324.8904,48.395664,-24.511278,41.790718,17.511095,-25.795837,-3.5654263,-0.23573805,-0.7438102,0.002880923,6,86.00039392,1,0.6,0.8,-1.609437912
O=C1OCCO1,CCOC(=O)OC,,F[P-](F)(F)(F)(F)F.[Li+],,,46.720318,-25.77961,-40.019657,-14.538684,-8.466415,-7.5989985,4.8288984,12.185302,12.204141,-1.3004963,0.217391304,0.782608696,0,6,7,0,88.01604399,104.0473441,0,-271.49637,29.128769,-4.6876454,2.8940535,-5.0519276,-6.773956,-1.2934432,0.9681573,1.7162259,-0.04653487,1,0,8,0,151.9801855,0,0,0,0,0,0,0,0,0,0,0,0,0,2,0.5,0.82,-1.714798428
O=C1OCCO1,CCOC(=O)OCC,,F[P-](F)(F)(F)(F)F.[Li+],,,264.50815,-11.799558,-34.609314,-8.30095,-9.178205,-5.388664,-1.3382225,6.058027,-1.7059735,-2.9999146,0.27027027,0.72972973,0,6,8,0,88.01604399,118.0629942,0,-271.49637,29.128769,-4.6876454,2.8940535,-5.0519276,-6.773956,-1.2934432,0.9681573,1.7162259,-0.04653487,1,0,8,0,151.9801855,0,0,0,0,0,0,0,0,0,0,0,0,0,1,1,0.863,-1.987774353
O=C1OCCO1,CCOC(=O)OC,,F[P-](F)(F)(F)(F)F.[Li+],,,46.720318,-25.77961,-40.019657,-14.538684,-8.466415,-7.5989985,4.8288984,12.185302,12.204141,-1.3004963,0.25,0.75,0,6,7,0,88.01604399,104.0473441,0,-271.49637,29.128769,-4.6876454,2.8940535,-5.0519276,-6.773956,-1.2934432,0.9681573,1.7162259,-0.04653487,1,0,8,0,151.9801855,0,0,0,0,0,0,0,0,0,0,0,0,0,0,5,0.879,-2.111964733
O=C1OCCO1,CCOC(=O)OC,,F[P-](F)(F)(F)(F)F.[Li+],,,46.720318,-25.77961,-40.019657,-14.538684,-8.466415,-7.5989985,4.8288984,12.185302,12.204141,-1.3004963,0.25,0.75,0,6,7,0,88.01604399,104.0473441,0,-271.49637,29.128769,-4.6876454,2.8940535,-5.0519276,-6.773956,-1.2934432,0.9681573,1.7162259,-0.04653487,1,0,8,0,151.9801855,0,0,0,0,0,0,0,0,0,0,0,0,0,0,2.5,0.881,-2.128631786
O=C1OCCO1,COC(=O)OC,,F[P-](F)(F)(F)(F)F.[Li+],,,5.0230193,-14.752433,-41.280296,-18.33751,-6.635223,-9.778509,5.0461082,12.535081,10.950474,-0.2991669,0.5,0.5,0,6,6,0,88.01604399,90.03169405,0,-271.49637,29.128769,-4.6876454,2.8940535,-5.0519276,-6.773956,-1.2934432,0.9681573,1.7162259,-0.04653487,1,0,8,0,151.9801855,0,0,0,0,0,0,0,0,0,0,0,0,0,3,0.5,0.89,-2.207274913
O=C1OCCO1,CCOC(=O)OCC,,F[P-](F)(F)(F)(F)F.[Li+],,,264.50815,-11.799558,-34.609314,-8.30095,-9.178205,-5.388664,-1.3382225,6.058027,-1.7059735,-2.9999146,0.416666667,0.583333333,0,6,8,0,88.01604399,118.0629942,0,-271.49637,29.128769,-4.6876454,2.8940535,-5.0519276,-6.773956,-1.2934432,0.9681573,1.7162259,-0.04653487,1,0,8,0,151.9801855,0,0,0,0,0,0,0,0,0,0,0,0,0,1,1,0.911,-2.419118909
O=C1OCCO1,CCOC(=O)OCC,,F[P-](F)(F)(F)(F)F.[Li+],,O=c1occo1,264.50815,-11.799558,-34.609314,-8.30095,-9.178205,-5.388664,-1.3382225,6.058027,-1.7059735,-2.9999146,0.5,0.5,0,6,8,0,88.01604399,118.0629942,0,-271.49637,29.128769,-4.6876454,2.8940535,-5.0519276,-6.773956,-1.2934432,0.9681573,1.7162259,-0.04653487,1,0,8,0,151.9801855,0,324.8904,48.395664,-24.511278,41.790718,17.511095,-25.795837,-3.5654263,-0.23573805,-0.7438102,0.002880923,6,86.00039392,0,1,0.93,-2.659260037
O=C1OCCO1,CCOC(=O)OCC,,F[P-](F)(F)(F)(F)F.[Li+],,O=C1OCC(F)O1,264.50815,-11.799558,-34.609314,-8.30095,-9.178205,-5.388664,-1.3382225,6.058027,-1.7059735,-2.9999146,0.5,0.5,0,6,8,0,88.01604399,118.0629942,0,-271.49637,29.128769,-4.6876454,2.8940535,-5.0519276,-6.773956,-1.2934432,0.9681573,1.7162259,-0.04653487,1,0,8,0,151.9801855,0,605.41797,40.81255,-21.043184,-39.214405,-12.178342,-14.42822,-4.3499675,0.73718697,2.3537645,0.002880894,7,106.0066222,3,0.5,0.95,-2.995732274
O=C1OCCO1,COC(=O)OC,,F[P-](F)(F)(F)(F)F.[Li+],,O=C1OCC(F)O1,5.0230193,-14.752433,-41.280296,-18.33751,-6.635223,-9.778509,5.0461082,12.535081,10.950474,-0.2991669,0.333333333,0.666666667,0,6,6,0,88.01604399,90.03169405,0,-271.49637,29.128769,-4.6876454,2.8940535,-5.0519276,-6.773956,-1.2934432,0.9681573,1.7162259,-0.04653487,1,0,8,0,151.9801855,0,605.41797,40.81255,-21.043184,-39.214405,-12.178342,-14.42822,-4.3499675,0.73718697,2.3537645,0.002880894,7,106.0066222,2,1,0.952,-3.036554268
O=c1occo1,,,F[P-](F)(F)(F)(F)F.[Li+],,,450.44315,73.023155,-13.759213,-7.6346903,-7.757574,13.508765,9.1727495,-4.830004,32.943703,10.858162,1,0,0,6,0,0,86.00039392,0,0,-271.49637,29.128769,-4.6876454,2.8940535,-5.0519276,-6.773956,-1.2934432,0.9681573,1.7162259,-0.04653487,1.2,0,8,0,151.9801855,0,0,0,0,0,0,0,0,0,0,0,0,0,3,0.5,0.95,-2.995732274
O=C1OCCO1,CCOC(=O)OC,,F[P-](F)(F)(F)(F)F.[Li+],,F[P-](F)(F)(F)(F)F.[Cs+],46.720318,-25.77961,-40.019657,-14.538684,-8.466415,-7.5989985,4.8288984,12.185302,12.204141,-1.3004963,0.25,0.75,0,6,7,0,88.01604399,104.0473441,0,-271.49637,29.128769,-4.6876454,2.8940535,-5.0519276,-6.773956,-1.2934432,0.9681573,1.7162259,-0.04653487,1,0,8,0,151.9801855,0,708.34326,-91.94173,9.989489,-32.630173,54.825863,7.4391804,19.316393,38.345,-20.386995,0.00288097,8,277.8696329,0,0.5,0.975,-3.688879454
O=C1OCC(F)O1,CCOC(=O)OCC,,F[P-](F)(F)(F)(F)F.[Li+],,,6.3052783,-74.4153,-27.282488,1.1798273,-18.074762,17.904758,-6.8231125,-16.542246,-16.28914,-8.142528,0.416666667,0.583333333,0,7,8,0,106.0066222,118.0629942,0,-271.49637,29.128769,-4.6876454,2.8940535,-5.0519276,-6.773956,-1.2934432,0.9681573,1.7162259,-0.04653487,1,0,8,0,151.9801855,0,0,0,0,0,0,0,0,0,0,0,0,0,1,1,0.976,-3.729701449
O=C1OCCO1,CCOC(=O)OCC,,F[P-](F)(F)(F)(F)F.[Li+],,O=C1OCC(F)O1,264.50815,-11.799558,-34.609314,-8.30095,-9.178205,-5.388664,-1.3382225,6.058027,-1.7059735,-2.9999146,0.5,0.5,0,6,8,0,88.01604399,118.0629942,0,-271.49637,29.128769,-4.6876454,2.8940535,-5.0519276,-6.773956,-1.2934432,0.9681573,1.7162259,-0.04653487,1,0,8,0,151.9801855,0,605.41797,40.81255,-21.043184,-39.214405,-12.178342,-14.42822,-4.3499675,0.73718697,2.3537645,0.002880894,7,106.0066222,3,0.1,0.98,-3.912023005
O=C1OCC(F)O1,,,F[P-](F)(F)(F)(F)F.[Li+],,,725.1771,6.303111,-5.273685,5.303995,-4.99546,9.703529,-3.6704578,-4.4642816,-5.882514,-16.04399,1,0,0,7,0,0,106.0066222,0,0,-271.49637,29.128769,-4.6876454,2.8940535,-5.0519276,-6.773956,-1.2934432,0.9681573,1.7162259,-0.04653487,1.2,0,8,0,151.9801855,0,0,0,0,0,0,0,0,0,0,0,0,0,0,0.5,0.98,-3.912023005
O=C1OCCO1,CCOC(=O)OC,,F[P-](F)(F)(F)(F)F.[Li+],,O=C1OCC(F)O1,46.720318,-25.77961,-40.019657,-14.538684,-8.466415,-7.5989985,4.8288984,12.185302,12.204141,-1.3004963,0.25,0.75,0,6,7,0,88.01604399,104.0473441,0,-271.49637,29.128769,-4.6876454,2.8940535,-5.0519276,-6.773956,-1.2934432,0.9681573,1.7162259,-0.04653487,1,0,8,0,151.9801855,0,605.41797,40.81255,-21.043184,-39.214405,-12.178342,-14.42822,-4.3499675,0.73718697,2.3537645,0.002880894,7,106.0066222,0,0.5,0.981,-3.9633163
O=C1OCCO1,CCOC(=O)OCC,,F[P-](F)(F)(F)(F)F.[Li+],,O=[N+]([O-])[O-].[Li+],264.50815,-11.799558,-34.609314,-8.30095,-9.178205,-5.388664,-1.3382225,6.058027,-1.7059735,-2.9999146,0.5,0.5,0,6,8,0,88.01604399,118.0629942,0,-271.49637,29.128769,-4.6876454,2.8940535,-5.0519276,-6.773956,-1.2934432,0.9681573,1.7162259,-0.04653487,1,0,8,0,151.9801855,0,649.99274,-44.898075,36.85108,15.282627,-10.243922,3.2195272,2.4579754,-4.113442,-0.5970532,0.002880913,5,69.00382241,1,1,0.981,-3.9633163
O=C1OCC(F)O1,O=C(OCC(F)(F)F)OCC(F)(F)F,,F[P-](F)(F)(F)(F)F.[Li+],,,87.590706,-78.65816,30.786041,-16.834248,-13.752528,18.098896,-11.500413,-15.255691,1.6161659,3.203253,0.5,0.5,0,7,14,0,106.0066222,226.0064633,0,-271.49637,29.128769,-4.6876454,2.8940535,-5.0519276,-6.773956,-1.2934432,0.9681573,1.7162259,-0.04653487,1,0,8,0,151.9801855,0,0,0,0,0,0,0,0,0,0,0,0,0,1,1,0.983,-4.074541935
O=C1OCC(F)O1,COC(=O)OC,,F[P-](F)(F)(F)(F)F.[Li+],,,-63.877537,-55.151093,-28.796764,-11.263367,-18.220016,10.336642,-5.943215,-13.7226095,-14.250311,-10.652793,0.2,0.8,0,7,6,0,106.0066222,90.03169405,0,-271.49637,29.128769,-4.6876454,2.8940535,-5.0519276,-6.773956,-1.2934432,0.9681573,1.7162259,-0.04653487,1,0,8,0,151.9801855,0,0,0,0,0,0,0,0,0,0,0,0,0,3,0.5,0.985,-4.199705078
O=C1OCCO1,COC(=O)OC,,O=S(=O)([N-]S(=O)(=O)C(F)(F)F)C(F)(F)F.[Li+],,O=c1occo1,5.0230193,-14.752433,-41.280296,-18.33751,-6.635223,-9.778509,5.0461082,12.535081,10.950474,-0.2991669,0.5,0.5,0,6,6,0,88.01604399,90.03169405,0,577.04285,37.36993,-40.724567,32.637367,20.762426,-5.7456594,2.9056966,-5.752819,-0.8732324,1.1802845,1,0,16,0,286.9332984,0,324.8904,48.395664,-24.511278,41.790718,17.511095,-25.795837,-3.5654263,-0.23573805,-0.7438102,0.002880923,6,86.00039392,1,0.6,0.82,-1.714798428
C1COCO1,COCCOC,,O=S(=O)([N-]S(=O)(=O)C(F)(F)F)C(F)(F)F.[Li+],,,369.46603,-8.323037,-10.1422615,20.021454,26.374693,-29.214964,-10.730746,-0.41658464,-14.1218605,6.5347185,0.5,0.5,0,5,6,0,74.03677943,90.06807956,0,577.04285,37.36993,-40.724567,32.637367,20.762426,-5.7456594,2.9056966,-5.752819,-0.8732324,1.1802845,1,0,16,0,286.9332984,0,0,0,0,0,0,0,0,0,0,0,0,0,0,0.25,0.827,-1.754463684
COCCOC,,,O=S(=O)(F)[N-]S(=O)(=O)F.[Li+],O=S(=O)([N-]S(=O)(=O)C(F)(F)F)C(F)(F)F.[Li+],,-529.23944,99.002686,10.163011,36.577763,-28.83884,5.242561,-9.384583,13.633237,-4.3314805,1.1740643,1,0,0,6,0,0,90.06807956,0,0,459.2217,47.38395,62.609238,-11.724538,-10.754508,-3.0011094,-5.096339,-9.243805,0.5017421,-0.72151434,4,2,10,16,186.9396855,286.9332984,0,0,0,0,0,0,0,0,0,0,0,0,0,2.5,0.937,-2.764620553
COCCOC,,,O=S(=O)(F)[N-]S(=O)(=O)F.[Li+],O=S(=O)([N-]S(=O)(=O)C(F)(F)F)C(F)(F)F.[Li+],,-529.23944,99.002686,10.163011,36.577763,-28.83884,5.242561,-9.384583,13.633237,-4.3314805,1.1740643,1,0,0,6,0,0,90.06807956,0,0,459.2217,47.38395,62.609238,-11.724538,-10.754508,-3.0011094,-5.096339,-9.243805,0.5017421,-0.72151434,4,2,10,16,186.9396855,286.9332984,0,0,0,0,0,0,0,0,0,0,0,0,0,0.5,0.939,-2.796881415
COCCOC,,,O=S(=O)(F)[N-]S(=O)(=O)F.[Li+],O=S(=O)([N-]S(=O)(=O)C(F)(F)F)C(F)(F)F.[Li+],,-529.23944,99.002686,10.163011,36.577763,-28.83884,5.242561,-9.384583,13.633237,-4.3314805,1.1740643,1,0,0,6,0,0,90.06807956,0,0,459.2217,47.38395,62.609238,-11.724538,-10.754508,-3.0011094,-5.096339,-9.243805,0.5017421,-0.72151434,4,2,10,16,186.9396855,286.9332984,0,0,0,0,0,0,0,0,0,0,0,0,0,5,0.954,-3.079113882
COCCOC,,,O=S(=O)(F)[N-]S(=O)(=O)F.[Li+],O=S(=O)([N-]S(=O)(=O)C(F)(F)F)C(F)(F)F.[Li+],,-529.23944,99.002686,10.163011,36.577763,-28.83884,5.242561,-9.384583,13.633237,-4.3314805,1.1740643,1,0,0,6,0,0,90.06807956,0,0,459.2217,47.38395,62.609238,-11.724538,-10.754508,-3.0011094,-5.096339,-9.243805,0.5017421,-0.72151434,4.6,2.3,10,16,186.9396855,286.9332984,0,0,0,0,0,0,0,0,0,0,0,0,1,0.5,0.979,-3.863232841
O=C1OCCO1,CCOC(=O)OCC,,O=S(=O)(F)[N-]S(=O)(=O)F.[Li+],,,264.50815,-11.799558,-34.609314,-8.30095,-9.178205,-5.388664,-1.3382225,6.058027,-1.7059735,-2.9999146,0.416666667,0.583333333,0,6,8,0,88.01604399,118.0629942,0,46.835907,-37.55774,-2.2605703,-1.6913636,-2.1326401,0.64185625,0.2289303,-0.13060114,0.11225057,0.041150816,1,0,10,0,186.9396855,0,0,0,0,0,0,0,0,0,0,0,0,0,1,1,0.87,-2.040220829
COCCOCCOCC(F)(F)OC(F)(F)C(F)(F)OC(F)(F)COCCOCCOC,,,O=S(=O)(F)[N-]S(=O)(=O)F.[Li+],,,131.35945,-6.0633044,60.21307,-32.40741,5.815147,-1.5852376,2.3905478,13.685277,1.4914712,-7.5214667,1,0,0,32,0,0,498.1499936,0,0,46.835907,-37.55774,-2.2605703,-1.6913636,-2.1326401,0.64185625,0.2289303,-0.13060114,0.11225057,0.041150816,1,0,10,0,186.9396855,0,0,0,0,0,0,0,0,0,0,0,0,0,3,0.1,0.95,-2.995732274
O=C1OCCO1,CCOC(=O)OCC,,O=S(=O)(F)[N-]S(=O)(=O)F.[Li+],,,264.50815,-11.799558,-34.609314,-8.30095,-9.178205,-5.388664,-1.3382225,6.058027,-1.7059735,-2.9999146,0.416666667,0.583333333,0,6,8,0,88.01604399,118.0629942,0,46.835907,-37.55774,-2.2605703,-1.6913636,-2.1326401,0.64185625,0.2289303,-0.13060114,0.11225057,0.041150816,3,0,10,0,186.9396855,0,0,0,0,0,0,0,0,0,0,0,0,0,1,1,0.95,-2.995732274
COCCCCOC,,,O=S(=O)(F)[N-]S(=O)(=O)F.[Li+],,,-167.68813,136.25876,12.373261,-7.705646,2.741568,-17.690668,6.720009,-15.278052,7.289653,-21.828157,1,0,0,8,0,0,118.0993797,0,0,46.835907,-37.55774,-2.2605703,-1.6913636,-2.1326401,0.64185625,0.2289303,-0.13060114,0.11225057,0.041150816,1,0,10,0,186.9396855,0,0,0,0,0,0,0,0,0,0,0,0,0,2,0.5,0.977,-3.772261063
COCCOC,,,O=S(=O)(F)[N-]S(=O)(=O)F.[Li+],,,-529.23944,99.002686,10.163011,36.577763,-28.83884,5.242561,-9.384583,13.633237,-4.3314805,1.1740643,1,0,0,6,0,0,90.06807956,0,0,46.835907,-37.55774,-2.2605703,-1.6913636,-2.1326401,0.64185625,0.2289303,-0.13060114,0.11225057,0.041150816,3.9,0,10,0,186.9396855,0,0,0,0,0,0,0,0,0,0,0,0,0,1,0.5,0.982,-4.017383521
COCCOC,,,O=S(=O)(F)[N-]S(=O)(=O)F.[Li+],,,-529.23944,99.002686,10.163011,36.577763,-28.83884,5.242561,-9.384583,13.633237,-4.3314805,1.1740643,1,0,0,6,0,0,90.06807956,0,0,46.835907,-37.55774,-2.2605703,-1.6913636,-2.1326401,0.64185625,0.2289303,-0.13060114,0.11225057,0.041150816,1,0,10,0,186.9396855,0,0,0,0,0,0,0,0,0,0,0,0,0,2,0.5,0.984,-4.135166557
COCCOC,,,O=S(=O)(F)[N-]S(=O)(=O)F.[Li+],,,-529.23944,99.002686,10.163011,36.577763,-28.83884,5.242561,-9.384583,13.633237,-4.3314805,1.1740643,1,0,0,6,0,0,90.06807956,0,0,46.835907,-37.55774,-2.2605703,-1.6913636,-2.1326401,0.64185625,0.2289303,-0.13060114,0.11225057,0.041150816,4,0,10,0,186.9396855,0,0,0,0,0,0,0,0,0,0,0,0,0,1,1,0.985,-4.199705078
CC#N,O=c1occo1,,O=S(=O)(F)[N-]S(=O)(=O)F.[Li+],,O=c1occo1,329.9538,3.8967514,-19.450142,17.96697,-12.45747,18.00458,26.61004,-14.26263,18.990526,32.599987,0.875,0.125,0,3,6,0,41.0265491,86.00039392,0,46.835907,-37.55774,-2.2605703,-1.6913636,-2.1326401,0.64185625,0.2289303,-0.13060114,0.11225057,0.041150816,10,0,10,0,186.9396855,0,324.8904,48.395664,-24.511278,41.790718,17.511095,-25.795837,-3.5654263,-0.23573805,-0.7438102,0.002880923,6,86.00039392,2,1,0.986,-4.268697949
COC(=O)OC,,,O=S(=O)(F)[N-]S(=O)(=O)F.[Li+],,,-531.5176,114.241776,-17.059505,-51.076942,25.449867,32.12283,-3.3838413,-4.8392625,12.029801,-2.9200437,1,0,0,6,0,0,90.03169405,0,0,46.835907,-37.55774,-2.2605703,-1.6913636,-2.1326401,0.64185625,0.2289303,-0.13060114,0.11225057,0.041150816,5.5,0,10,0,186.9396855,0,0,0,0,0,0,0,0,0,0,0,0,0,2,0.5,0.992,-4.828313737
CCOP(=O)(OCC)OCC,FC(F)(F)COCC(F)(F)F,,O=S(=O)(F)[N-]S(=O)(=O)F.[Li+],,,-277.83258,-65.27132,41.099396,-12.714674,6.5836406,7.1607695,7.8170652,5.377695,-10.671879,-4.912075,0.25,0.75,0,11,11,0,182.0707956,182.0166341,0,46.835907,-37.55774,-2.2605703,-1.6913636,-2.1326401,0.64185625,0.2289303,-0.13060114,0.11225057,0.041150816,1.2,0,10,0,186.9396855,0,0,0,0,0,0,0,0,0,0,0,0,0,2,0.5,0.992,-4.828313737
COC(=O)OC,FC(F)(F)COCC(F)(F)F,,O=S(=O)(F)[N-]S(=O)(=O)F.[Li+],,,-536.3401,-117.65732,31.820875,-10.327144,2.8750632,2.5950103,2.365262,-8.02437,2.0002563,-0.6866559,0.25,0.75,0,6,11,0,90.03169405,182.0166341,0,46.835907,-37.55774,-2.2605703,-1.6913636,-2.1326401,0.64185625,0.2289303,-0.13060114,0.11225057,0.041150816,1.2,0,10,0,186.9396855,0,0,0,0,0,0,0,0,0,0,0,0,0,2,0.5,0.993,-4.96184513
C1COCO1,COCCOC,,O=S(=O)([N-]S(=O)(=O)C(F)(F)F)C(F)(F)F.[Li+],,O=[N+]([O-])[O-].[Li+],369.46603,-8.323037,-10.1422615,20.021454,26.374693,-29.214964,-10.730746,-0.41658464,-14.1218605,6.5347185,0.5,0.5,0,5,6,0,74.03677943,90.06807956,0,577.04285,37.36993,-40.724567,32.637367,20.762426,-5.7456594,2.9056966,-5.752819,-0.8732324,1.1802845,1,0,16,0,286.9332984,0,649.99274,-44.898075,36.85108,15.282627,-10.243922,3.2195272,2.4579754,-4.113442,-0.5970532,0.002880913,5,69.00382241,0,0.5,0.99,-4.605170186
COC(=O)CC(F)(F)F,O=C1OCC(F)O1,,F[P-](F)(F)(F)(F)F.[Li+],,,-338.78198,-116.61606,8.934224,1.7376425,-5.764315,16.616102,4.778477,-15.004423,1.596953,4.524093,0.909090909,0.090909091,0,9,7,0,142.0241641,106.0066222,0,-271.49637,29.128769,-4.6876454,2.8940535,-5.0519276,-6.773956,-1.2934432,0.9681573,1.7162259,-0.04653487,1,0,8,0,151.9801855,0,0,0,0,0,0,0,0,0,0,0,0,0,2,0.5,0.976,-3.729701449
O=C1OCC(F)O1,,,F[P-](F)(F)(F)(F)F.[Li+],,,725.1771,6.303111,-5.273685,5.303995,-4.99546,9.703529,-3.6704578,-4.4642816,-5.882514,-16.04399,1,0,0,7,0,0,106.0066222,0,0,-271.49637,29.128769,-4.6876454,2.8940535,-5.0519276,-6.773956,-1.2934432,0.9681573,1.7162259,-0.04653487,1,0,8,0,151.9801855,0,0,0,0,0,0,0,0,0,0,0,0,0,2,0.5,0.982,-4.017383521
CCOC(=O)OCC,,,F[P-](F)(F)(F)(F)F.[Li+],,O=C1OCCO1,-861.75366,69.5878,-10.469441,-35.595943,39.42348,39.865376,-6.080213,-13.723934,1.4576521,-6.622206,1,0,0,8,0,0,118.0629942,0,0,-271.49637,29.128769,-4.6876454,2.8940535,-5.0519276,-6.773956,-1.2934432,0.9681573,1.7162259,-0.04653487,1,0,8,0,151.9801855,0,175.56134,57.353413,-34.770683,12.426856,-9.969856,19.285337,7.5687213,1.898202,-4.4395976,0.00288092,6,88.01604399,1,0.4,0.903,-2.3330443
COCCOCCOC,,,O=S(=O)(F)[N-]S(=O)(=O)F.[Li+],,O=C1OCCO1,42.295773,129.99712,10.215592,6.544129,-16.00433,-13.924703,2.668549,-16.251638,5.99906,1.9292353,1,0,0,9,0,0,134.0942943,0,0,46.835907,-37.55774,-2.2605703,-1.6913636,-2.1326401,0.64185625,0.2289303,-0.13060114,0.11225057,0.041150816,1,0,10,0,186.9396855,0,175.56134,57.353413,-34.770683,12.426856,-9.969856,19.285337,7.5687213,1.898202,-4.4395976,0.00288092,6,88.01604399,1,0.4,0.943,-2.864704011
COCCOCCOCCOCCOC,,,O=S(=O)(F)[N-]S(=O)(=O)F.[Li+],,O=C1OCCO1,-58.305626,142.53033,15.399387,-11.378302,10.246004,-18.375586,8.442172,-19.556969,12.388557,-18.397964,1,0,0,15,0,0,222.1467238,0,0,46.835907,-37.55774,-2.2605703,-1.6913636,-2.1326401,0.64185625,0.2289303,-0.13060114,0.11225057,0.041150816,1,0,10,0,186.9396855,0,175.56134,57.353413,-34.770683,12.426856,-9.969856,19.285337,7.5687213,1.898202,-4.4395976,0.00288092,6,88.01604399,1,0.4,0.963,-3.296837366
COCCOC,,,O=S(=O)(F)[N-]S(=O)(=O)F.[Li+],,O=C1OCCO1,-529.23944,99.002686,10.163011,36.577763,-28.83884,5.242561,-9.384583,13.633237,-4.3314805,1.1740643,1,0,0,6,0,0,90.06807956,0,0,46.835907,-37.55774,-2.2605703,-1.6913636,-2.1326401,0.64185625,0.2289303,-0.13060114,0.11225057,0.041150816,3,0,10,0,186.9396855,0,175.56134,57.353413,-34.770683,12.426856,-9.969856,19.285337,7.5687213,1.898202,-4.4395976,0.00288092,6,88.01604399,1,0.4,0.922,-2.551046452
COCCOCCOC,,,O=S(=O)(F)[N-]S(=O)(=O)F.[Li+],,O=C1OCCO1,42.295773,129.99712,10.215592,6.544129,-16.00433,-13.924703,2.668549,-16.251638,5.99906,1.9292353,1,0,0,9,0,0,134.0942943,0,0,46.835907,-37.55774,-2.2605703,-1.6913636,-2.1326401,0.64185625,0.2289303,-0.13060114,0.11225057,0.041150816,3,0,10,0,186.9396855,0,175.56134,57.353413,-34.770683,12.426856,-9.969856,19.285337,7.5687213,1.898202,-4.4395976,0.00288092,6,88.01604399,1,0.4,0.958,-3.170085661
COCCOCCOCCOC,,,O=S(=O)(F)[N-]S(=O)(=O)F.[Li+],,O=C1OCCO1,-135.27432,102.668976,6.7748055,-4.075048,-5.851676,-14.126924,12.873874,-16.886372,7.495446,-1.6595728,1,0,0,12,0,0,178.1205091,0,0,46.835907,-37.55774,-2.2605703,-1.6913636,-2.1326401,0.64185625,0.2289303,-0.13060114,0.11225057,0.041150816,3,0,10,0,186.9396855,0,175.56134,57.353413,-34.770683,12.426856,-9.969856,19.285337,7.5687213,1.898202,-4.4395976,0.00288092,6,88.01604399,1,0.4,0.964,-3.324236341
COCCOCCOCCOCCOC,,,O=S(=O)(F)[N-]S(=O)(=O)F.[Li+],,O=C1OCCO1,-58.305626,142.53033,15.399387,-11.378302,10.246004,-18.375586,8.442172,-19.556969,12.388557,-18.397964,1,0,0,15,0,0,222.1467238,0,0,46.835907,-37.55774,-2.2605703,-1.6913636,-2.1326401,0.64185625,0.2289303,-0.13060114,0.11225057,0.041150816,3,0,10,0,186.9396855,0,175.56134,57.353413,-34.770683,12.426856,-9.969856,19.285337,7.5687213,1.898202,-4.4395976,0.00288092,6,88.01604399,1,0.4,0.973,-3.611918413
COCCOCCOCCOCCOC,,,O=S(=O)(F)[N-]S(=O)(=O)F.[Li+],,,-58.305626,142.53033,15.399387,-11.378302,10.246004,-18.375586,8.442172,-19.556969,12.388557,-18.397964,1,0,0,15,0,0,222.1467238,0,0,46.835907,-37.55774,-2.2605703,-1.6913636,-2.1326401,0.64185625,0.2289303,-0.13060114,0.11225057,0.041150816,3,0,10,0,186.9396855,0,0,0,0,0,0,0,0,0,0,0,0,0,1,0.4,0.94,-2.813410717
C1COCO1,FC(F)C(F)(F)COC(F)(F)C(F)F,,O=S(=O)(F)[N-]S(=O)(=O)F.[Li+],,,132.51065,-48.68377,53.575275,-16.482134,-9.432799,-12.771819,-11.390672,-2.4110115,6.573141,12.45345,0.5,0.5,0,5,14,0,74.03677943,232.0134405,0,46.835907,-37.55774,-2.2605703,-1.6913636,-2.1326401,0.64185625,0.2289303,-0.13060114,0.11225057,0.041150816,1,0,10,0,186.9396855,0,0,0,0,0,0,0,0,0,0,0,0,0,1,0.5,0.988,-4.422848629
COCCOC,FC(F)C(F)(F)COC(F)(F)C(F)F,,O=S(=O)(F)[N-]S(=O)(=O)F.[Li+],,,-80.61767,-79.82628,59.931034,-7.9668875,-7.8592706,-15.903416,-3.5644133,-0.013645778,12.150309,-0.6523209,0.333333333,0.666666667,0,6,14,0,90.06807956,232.0134405,0,46.835907,-37.55774,-2.2605703,-1.6913636,-2.1326401,0.64185625,0.2289303,-0.13060114,0.11225057,0.041150816,1,0,10,0,186.9396855,0,0,0,0,0,0,0,0,0,0,0,0,0,1,0.5,0.977,-3.772261063
O=C1OCCO1,CCOC(=O)OC,COC(=O)OC,F[P-](F)(F)(F)(F)F.[Li+],,,-381.59442,-63.142097,-35.19558,-12.56116,-17.6469,-6.79779,0.70994645,-1.2974377,18.433697,6.7639136,0.314983809,0.296143656,0.388872535,6,7,6,88.01604399,104.0473441,90.03169405,-271.49637,29.128769,-4.6876454,2.8940535,-5.0519276,-6.773956,-1.2934432,0.9681573,1.7162259,-0.04653487,1,0,8,0,151.9801855,0,0,0,0,0,0,0,0,0,0,0,0,0,1,0.5,0.849,-1.890475442
COC(=O)OC,,,O=S(=O)(F)[N-]S(=O)(=O)F.[Li+],,,-531.5176,114.241776,-17.059505,-51.076942,25.449867,32.12283,-3.3838413,-4.8392625,12.029801,-2.9200437,1,0,0,6,0,0,90.03169405,0,0,46.835907,-37.55774,-2.2605703,-1.6913636,-2.1326401,0.64185625,0.2289303,-0.13060114,0.11225057,0.041150816,1.2,0,10,0,186.9396855,0,0,0,0,0,0,0,0,0,0,0,0,0,1,0.5,0.09,-0.094310679
COC(=O)OC,FC(F)(F)COCC(F)(F)F,,O=S(=O)(F)[N-]S(=O)(=O)F.[Li+],,,-536.3401,-117.65732,31.820875,-10.327144,2.8750632,2.5950103,2.365262,-8.02437,2.0002563,-0.6866559,0.5,0.5,0,6,11,0,90.03169405,182.0166341,0,46.835907,-37.55774,-2.2605703,-1.6913636,-2.1326401,0.64185625,0.2289303,-0.13060114,0.11225057,0.041150816,2.5,0,10,0,186.9396855,0,0,0,0,0,0,0,0,0,0,0,0,0,1,0.5,0.995,-5.298317367
COC(=O)OC,FC(F)(F)COCC(F)(F)F,,O=S(=O)(F)[N-]S(=O)(=O)F.[Li+],,,-536.3401,-117.65732,31.820875,-10.327144,2.8750632,2.5950103,2.365262,-8.02437,2.0002563,-0.6866559,0.333333333,0.666666667,0,6,11,0,90.03169405,182.0166341,0,46.835907,-37.55774,-2.2605703,-1.6913636,-2.1326401,0.64185625,0.2289303,-0.13060114,0.11225057,0.041150816,1.2,0,10,0,186.9396855,0,0,0,0,0,0,0,0,0,0,0,0,0,1,0.5,0.993,-4.96184513
COCC(F)(F)C(F)(F)COC,,,O=S(=O)(F)[N-]S(=O)(=O)F.[Li+],,,-237.99327,-73.943695,46.617752,-2.5755875,14.4133625,-16.605463,8.303621,16.710106,-6.7688217,-9.43331,1,0,0,12,0,0,190.0616924,0,0,46.835907,-37.55774,-2.2605703,-1.6913636,-2.1326401,0.64185625,0.2289303,-0.13060114,0.11225057,0.041150816,1,0,10,0,186.9396855,0,0,0,0,0,0,0,0,0,0,0,0,0,-1,0.5,0.994,-5.11599581
CCOCCOCC,,,O=S(=O)(F)[N-]S(=O)(=O)F.[Li+],,,422.1063,105.70058,14.954724,14.717519,-17.3808,-10.149747,-1.0037556,-28.657234,9.132141,-19.345495,1,0,0,8,0,0,118.0993797,0,0,46.835907,-37.55774,-2.2605703,-1.6913636,-2.1326401,0.64185625,0.2289303,-0.13060114,0.11225057,0.041150816,1.2,0,10,0,186.9396855,0,0,0,0,0,0,0,0,0,0,0,0,0,-1,0.5,0.99,-4.605170186
CCOCCOCC(F)(F)F,,,O=S(=O)(F)[N-]S(=O)(=O)F.[Li+],,,280.3475,34.41649,39.27143,-17.96676,9.802981,4.682122,16.098545,10.341877,-0.64981455,-22.240524,1,0,0,11,0,0,172.0711143,0,0,46.835907,-37.55774,-2.2605703,-1.6913636,-2.1326401,0.64185625,0.2289303,-0.13060114,0.11225057,0.041150816,1.2,0,10,0,186.9396855,0,0,0,0,0,0,0,0,0,0,0,0,0,-1,0.5,0.993,-4.96184513
FC(F)(F)COCCOCC(F)(F)F,,,O=S(=O)(F)[N-]S(=O)(=O)F.[Li+],,,637.2682,52.13361,59.482674,-23.674732,10.36524,9.089895,-1.832868,30.557426,-10.407368,-18.072617,1,0,0,14,0,0,226.0428488,0,0,46.835907,-37.55774,-2.2605703,-1.6913636,-2.1326401,0.64185625,0.2289303,-0.13060114,0.11225057,0.041150816,1.2,0,10,0,186.9396855,0,0,0,0,0,0,0,0,0,0,0,0,0,-1,0.5,0.993,-4.96184513
FC(F)COCCOCC(F)F,,,O=S(=O)(F)[N-]S(=O)(=O)F.[Li+],,,373.04114,8.613249,55.11783,-5.8097916,-2.7768452,0.72882783,3.7268453,20.896492,-19.373838,-16.698576,1,0,0,12,0,0,190.0616924,0,0,46.835907,-37.55774,-2.2605703,-1.6913636,-2.1326401,0.64185625,0.2289303,-0.13060114,0.11225057,0.041150816,1.2,0,10,0,186.9396855,0,0,0,0,0,0,0,0,0,0,0,0,0,-1,0.5,0.995,-5.298317367
FC(F)COCCOCC(F)(F)F,,,O=S(=O)(F)[N-]S(=O)(=O)F.[Li+],,,104.004486,-3.9136255,51.95634,-23.785416,7.001855,12.929309,2.8079333,20.911697,-20.869171,-18.92052,1,0,0,13,0,0,208.0522706,0,0,46.835907,-37.55774,-2.2605703,-1.6913636,-2.1326401,0.64185625,0.2289303,-0.13060114,0.11225057,0.041150816,1.2,0,10,0,186.9396855,0,0,0,0,0,0,0,0,0,0,0,0,0,-1,0.5,0.995,-5.298317367
COCC(F)(F)C(F)(F)COC,,,O=S(=O)(F)[N-]S(=O)(=O)F.[Li+],,,-237.99327,-73.943695,46.617752,-2.5755875,14.4133625,-16.605463,8.303621,16.710106,-6.7688217,-9.43331,1,0,0,12,0,0,190.0616924,0,0,46.835907,-37.55774,-2.2605703,-1.6913636,-2.1326401,0.64185625,0.2289303,-0.13060114,0.11225057,0.041150816,1,0,10,0,186.9396855,0,0,0,0,0,0,0,0,0,0,0,0,0,-1,0.5,0.9952,-5.339139361
COCCOC,,,O=S(=O)(F)[N-]S(=O)(=O)F.[Li+],O=S(=O)([N-]S(=O)(=O)C(F)(F)F)C(F)(F)F.[Li+],,-529.23944,99.002686,10.163011,36.577763,-28.83884,5.242561,-9.384583,13.633237,-4.3314805,1.1740643,1,0,0,6,0,0,90.06807956,0,0,459.2217,47.38395,62.609238,-11.724538,-10.754508,-3.0011094,-5.096339,-9.243805,0.5017421,-0.72151434,4,2,10,16,186.9396855,286.9332984,0,0,0,0,0,0,0,0,0,0,0,0,1,0.5,0.917,-2.488914671
O=C1OCCO1,CCOC(=O)OC,,F[P-](F)(F)(F)(F)F.[Li+],,,46.720318,-25.77961,-40.019657,-14.538684,-8.466415,-7.5989985,4.8288984,12.185302,12.204141,-1.3004963,0.5,0.5,0,6,7,0,88.01604399,104.0473441,0,-271.49637,29.128769,-4.6876454,2.8940535,-5.0519276,-6.773956,-1.2934432,0.9681573,1.7162259,-0.04653487,1,0,8,0,151.9801855,0,0,0,0,0,0,0,0,0,0,0,0,0,1,0.5,0.819,-1.709258248
COC(=O)OC,,,O=S(=O)(F)[N-]S(=O)(=O)F.[Li+],,,-531.5176,114.241776,-17.059505,-51.076942,25.449867,32.12283,-3.3838413,-4.8392625,12.029801,-2.9200437,1,0,0,6,0,0,90.03169405,0,0,46.835907,-37.55774,-2.2605703,-1.6913636,-2.1326401,0.64185625,0.2289303,-0.13060114,0.11225057,0.041150816,2,0,10,0,186.9396855,0,0,0,0,0,0,0,0,0,0,0,0,0,1,0.5,0.173,-0.189950584
COCCOC,C1COCO1,,O=S(=O)([N-]S(=O)(=O)C(F)(F)F)C(F)(F)F.[Li+],,,-646.2866,-15.619023,-30.136574,17.566689,26.334566,-8.862637,-12.038992,-13.8264065,-5.8850975,5.5586767,0.5,0.5,0,6,5,0,90.06807956,74.03677943,0,577.04285,37.36993,-40.724567,32.637367,20.762426,-5.7456594,2.9056966,-5.752819,-0.8732324,1.1802845,0.5,0,16,0,286.9332984,0,0,0,0,0,0,0,0,0,0,0,0,0,1,0.5,0.509,-0.711311151
COCCOC,C1COCO1,,O=S(=O)([N-]S(=O)(=O)C(F)(F)F)C(F)(F)F.[Li+],,,-646.2866,-15.619023,-30.136574,17.566689,26.334566,-8.862637,-12.038992,-13.8264065,-5.8850975,5.5586767,0.5,0.5,0,6,5,0,90.06807956,74.03677943,0,577.04285,37.36993,-40.724567,32.637367,20.762426,-5.7456594,2.9056966,-5.752819,-0.8732324,1.1802845,1,0,16,0,286.9332984,0,0,0,0,0,0,0,0,0,0,0,0,0,1,0.5,0.732,-1.316768298
COCCOC,C1COCO1,,O=S(=O)([N-]S(=O)(=O)C(F)(F)F)C(F)(F)F.[Li+],,O=[N+]([O-])[O-].[Li+],-646.2866,-15.619023,-30.136574,17.566689,26.334566,-8.862637,-12.038992,-13.8264065,-5.8850975,5.5586767,0.5,0.5,0,6,5,0,90.06807956,74.03677943,0,577.04285,37.36993,-40.724567,32.637367,20.762426,-5.7456594,2.9056966,-5.752819,-0.8732324,1.1802845,1,0,16,0,286.9332984,0,649.99274,-44.898075,36.85108,15.282627,-10.243922,3.2195272,2.4579754,-4.113442,-0.5970532,0.002880913,5,69.00382241,1,0.5,0.958,-3.170085661
O=C1OCCO1,CCOC(=O)OC,,F[P-](F)(F)(F)(F)F.[Li+],,O=C1OCC(F)O1,46.720318,-25.77961,-40.019657,-14.538684,-8.466415,-7.5989985,4.8288984,12.185302,12.204141,-1.3004963,0.5,0.5,0,6,7,0,88.01604399,104.0473441,0,-271.49637,29.128769,-4.6876454,2.8940535,-5.0519276,-6.773956,-1.2934432,0.9681573,1.7162259,-0.04653487,1,0,8,0,151.9801855,0,605.41797,40.81255,-21.043184,-39.214405,-12.178342,-14.42822,-4.3499675,0.73718697,2.3537645,0.002880894,7,106.0066222,1,0.5,0.967,-3.411247718
O=C1OCCO1,CCOC(=O)OCC(F)(F)F,,O=S(=O)(F)[N-]S(=O)(=O)F.[Li+],,,447.60068,-21.074682,-0.720358,-18.622091,-24.598557,9.404421,-12.7477865,9.695189,-7.200133,2.5198143,0.3,0.7,0,6,11,0,88.01604399,172.0347287,0,46.835907,-37.55774,-2.2605703,-1.6913636,-2.1326401,0.64185625,0.2289303,-0.13060114,0.11225057,0.041150816,1,0,10,0,186.9396855,0,0,0,0,0,0,0,0,0,0,0,0,0,1,0.25,0.975,-3.688879454
O=C1OCCO1,CCOC(=O)OCC(F)(F)F,,O=S(=O)(F)[N-]S(=O)(=O)F.[Li+],,,447.60068,-21.074682,-0.720358,-18.622091,-24.598557,9.404421,-12.7477865,9.695189,-7.200133,2.5198143,0.3,0.7,0,6,11,0,88.01604399,172.0347287,0,46.835907,-37.55774,-2.2605703,-1.6913636,-2.1326401,0.64185625,0.2289303,-0.13060114,0.11225057,0.041150816,5,0,10,0,186.9396855,0,0,0,0,0,0,0,0,0,0,0,0,0,1,0.25,0.991,-4.710530702
O=C1OCCO1,CCOC(=O)OCC,,O=S(=O)(F)[N-]S(=O)(=O)F.[Li+],,,264.50815,-11.799558,-34.609314,-8.30095,-9.178205,-5.388664,-1.3382225,6.058027,-1.7059735,-2.9999146,0.3,0.7,0,6,8,0,88.01604399,118.0629942,0,46.835907,-37.55774,-2.2605703,-1.6913636,-2.1326401,0.64185625,0.2289303,-0.13060114,0.11225057,0.041150816,1,0,10,0,186.9396855,0,0,0,0,0,0,0,0,0,0,0,0,0,1,0.25,0.939,-2.796881415
O=C1OCCO1,COC(=O)OC,,F[P-](F)(F)(F)(F)F.[Li+],,,5.0230193,-14.752433,-41.280296,-18.33751,-6.635223,-9.778509,5.0461082,12.535081,10.950474,-0.2991669,0.5,0.5,0,6,6,0,88.01604399,90.03169405,0,-271.49637,29.128769,-4.6876454,2.8940535,-5.0519276,-6.773956,-1.2934432,0.9681573,1.7162259,-0.04653487,1,0,8,0,151.9801855,0,0,0,0,0,0,0,0,0,0,0,0,0,1,0.6,0.957,-3.146555163
O=C1OCC(F)O1,COC(=O)OC,,F[P-](F)(F)(F)(F)F.[Li+],,,-63.877537,-55.151093,-28.796764,-11.263367,-18.220016,10.336642,-5.943215,-13.7226095,-14.250311,-10.652793,0.5,0.5,0,7,6,0,106.0066222,90.03169405,0,-271.49637,29.128769,-4.6876454,2.8940535,-5.0519276,-6.773956,-1.2934432,0.9681573,1.7162259,-0.04653487,1,0,8,0,151.9801855,0,0,0,0,0,0,0,0,0,0,0,0,0,1,0.6,0.983,-4.074541935
O=C1OC(F)C(F)O1,COC(=O)OC,,F[P-](F)(F)(F)(F)F.[Li+],,,-74.58374,-68.996025,-21.585493,-12.834793,-27.905664,15.5168295,-4.983111,-5.3683257,-17.747063,1.5896775,0.5,0.5,0,8,6,0,123.9972004,90.03169405,0,-271.49637,29.128769,-4.6876454,2.8940535,-5.0519276,-6.773956,-1.2934432,0.9681573,1.7162259,-0.04653487,1,0,8,0,151.9801855,0,0,0,0,0,0,0,0,0,0,0,0,0,1,0.6,0.978,-3.816712826
O=C1OCC(C(F)(F)F)O1,COC(=O)OC,,F[P-](F)(F)(F)(F)F.[Li+],,,-65.07896,-62.93194,-17.501398,-12.287961,-22.966234,16.790289,-4.2286816,-4.5900245,-16.63537,6.6223974,0.5,0.5,0,10,6,0,156.0034286,90.03169405,0,-271.49637,29.128769,-4.6876454,2.8940535,-5.0519276,-6.773956,-1.2934432,0.9681573,1.7162259,-0.04653487,1,0,8,0,151.9801855,0,0,0,0,0,0,0,0,0,0,0,0,0,1,0.6,0.542,-0.780886095
O=C1OCC(F)O1,COC(=O)OC,,F[P-](F)(F)(F)(F)F.[Li+],,O=S1(=O)OCCO1,-63.877537,-55.151093,-28.796764,-11.263367,-18.220016,10.336642,-5.943215,-13.7226095,-14.250311,-10.652793,0.5,0.5,0,7,6,0,106.0066222,90.03169405,0,-271.49637,29.128769,-4.6876454,2.8940535,-5.0519276,-6.773956,-1.2934432,0.9681573,1.7162259,-0.04653487,1,0,8,0,151.9801855,0,335.4107,60.830376,6.846972,-14.252324,34.018063,27.11056,-26.900932,-20.296673,-5.5274267,0.002880871,7,123.9830296,1,0.6,0.988,-4.422848629
O=C1OCC(F)O1,COC(=O)OC,,F[P-](F)(F)(F)(F)F.[Li+],,O=S1(=O)OCCO1,-63.877537,-55.151093,-28.796764,-11.263367,-18.220016,10.336642,-5.943215,-13.7226095,-14.250311,-10.652793,0.5,0.5,0,7,6,0,106.0066222,90.03169405,0,-271.49637,29.128769,-4.6876454,2.8940535,-5.0519276,-6.773956,-1.2934432,0.9681573,1.7162259,-0.04653487,1,0,8,0,151.9801855,0,335.4107,60.830376,6.846972,-14.252324,34.018063,27.11056,-26.900932,-20.296673,-5.5274267,0.002880871,7,123.9830296,1,0.6,0.991,-4.710530702
O=C1OCCO1,CCOC(=O)OCC,,F[P-](F)(F)(F)(F)F.[Li+],,,264.50815,-11.799558,-34.609314,-8.30095,-9.178205,-5.388664,-1.3382225,6.058027,-1.7059735,-2.9999146,0.5,0.5,0,6,8,0,88.01604399,118.0629942,0,-271.49637,29.128769,-4.6876454,2.8940535,-5.0519276,-6.773956,-1.2934432,0.9681573,1.7162259,-0.04653487,1,0,8,0,151.9801855,0,0,0,0,0,0,0,0,0,0,0,0,0,4,1,0.3319,-0.403317416
O=C1OCC(F)O1,COCCOC,,O=S(=O)(F)[N-]S(=O)(=O)F.[Li+],,,428.288,-2.277602,-11.7006035,4.57156,-11.84907,-0.10496498,-29.77956,-2.0569236,-21.332504,-3.7344935,0.5,0.5,0,7,6,0,106.0066222,90.06807956,0,46.835907,-37.55774,-2.2605703,-1.6913636,-2.1326401,0.64185625,0.2289303,-0.13060114,0.11225057,0.041150816,1,0,10,0,186.9396855,0,0,0,0,0,0,0,0,0,0,0,0,0,4,1,0.8794,-2.115275995
O=C1OCC(F)O1,COCCOC,,O=S(=O)(F)[N-]S(=O)(=O)F.[Li+],,,428.288,-2.277602,-11.7006035,4.57156,-11.84907,-0.10496498,-29.77956,-2.0569236,-21.332504,-3.7344935,0.5,0.5,0,7,6,0,106.0066222,90.06807956,0,46.835907,-37.55774,-2.2605703,-1.6913636,-2.1326401,0.64185625,0.2289303,-0.13060114,0.11225057,0.041150816,4,0,10,0,186.9396855,0,0,0,0,0,0,0,0,0,0,0,0,0,4,1,0.9757,-3.717278929
O=C1OCC(F)O1,COCCOC,FC(F)C(F)(F)COC(F)(F)C(F)F,O=S(=O)(F)[N-]S(=O)(=O)F.[Li+],,,114.151886,-45.24364,53.163395,-10.282425,-21.320475,-4.3273044,-42.334385,-18.42997,14.138018,28.505283,0.333333333,0.333333333,0.333333333,7,6,14,106.0066222,90.06807956,232.0134405,46.835907,-37.55774,-2.2605703,-1.6913636,-2.1326401,0.64185625,0.2289303,-0.13060114,0.11225057,0.041150816,1.6,0,10,0,186.9396855,0,0,0,0,0,0,0,0,0,0,0,0,0,4,1,0.9834,-4.098352584
O=C1OCCO1,COC(=O)OC,COCCOCCOCCOCCOC,F[P-](F)(F)(F)(F)F.[Li+],,O=[N+]([O-])[O-].[Li+],-46.484962,2.1375039,-36.859737,-18.511263,-11.967629,-4.7198663,0.41274634,5.5650845,3.6417334,1.1460373,0.2,0.6,0.2,6,6,15,88.01604399,90.03169405,222.1467238,-271.49637,29.128769,-4.6876454,2.8940535,-5.0519276,-6.773956,-1.2934432,0.9681573,1.7162259,-0.04653487,1,0,8,0,151.9801855,0,649.99274,-44.898075,36.85108,15.282627,-10.243922,3.2195272,2.4579754,-4.113442,-0.5970532,0.002880913,5,69.00382241,1,1,0.982,-4.017383521
O=C1OCCO1,COC(=O)OC,COCCOCCOCCOCCOC,F[P-](F)(F)(F)(F)F.[Li+],,O=[N+]([O-])[O-].[Li+],-46.484962,2.1375039,-36.859737,-18.511263,-11.967629,-4.7198663,0.41274634,5.5650845,3.6417334,1.1460373,0.2,0.6,0.2,6,6,15,88.01604399,90.03169405,222.1467238,-271.49637,29.128769,-4.6876454,2.8940535,-5.0519276,-6.773956,-1.2934432,0.9681573,1.7162259,-0.04653487,1,0,8,0,151.9801855,0,649.99274,-44.898075,36.85108,15.282627,-10.243922,3.2195272,2.4579754,-4.113442,-0.5970532,0.002880913,5,69.00382241,1,2,0.98,-3.912023005
O=C1OCCO1,COC(=O)OC,,F[P-](F)(F)(F)(F)F.[Li+],,FC(F)(F)COB(OCC(F)(F)F)OCC(F)(F)F,5.0230193,-14.752433,-41.280296,-18.33751,-6.635223,-9.778509,5.0461082,12.535081,10.950474,-0.2991669,0.333333333,0.666666667,0,6,6,0,88.01604399,90.03169405,0,-271.49637,29.128769,-4.6876454,2.8940535,-5.0519276,-6.773956,-1.2934432,0.9681573,1.7162259,-0.04653487,1,0,8,0,151.9801855,0,-154.31876,262.93365,66.33816,-21.096779,22.509281,-7.2931437,40.82195,-17.23288,9.599948,0.00288102,19,308.0266284,1,0.5,0.91,-2.407945609
CCn1cc[n+](C)c1.O=S(=O)(F)[N-]S(=O)(=O)F,,,O=S(=O)(F)[N-]S(=O)(=O)F.[Li+],,,829.9608,-11.540517,31.01346,4.5208077,-33.236717,37.898438,12.288295,-17.799582,15.75786,28.544317,1,0,0,17,0,0,291.0159043,0,0,46.835907,-37.55774,-2.2605703,-1.6913636,-2.1326401,0.64185625,0.2289303,-0.13060114,0.11225057,0.041150816,0.3,0,10,0,186.9396855,0,0,0,0,0,0,0,0,0,0,0,0,0,1,1,0.92,-2.525728644
CO[Si](C)(C)OC,,,O=S(=O)(F)[N-]S(=O)(=O)F.[Li+],O=S(=O)([N-]S(=O)(=O)C(F)(F)F)C(F)(F)F.[Li+],O=[N+]([O-])[O-].[Li+],5.4020243,69.06739,-2.2024455,-12.765357,31.526262,10.880734,18.148718,6.6052327,-6.5003967,11.288347,1,0,0,7,0,0,120.0606562,0,0,459.2217,47.38395,62.609238,-11.724538,-10.754508,-3.0011094,-5.096339,-9.243805,0.5017421,-0.72151434,0.5,0.5,10,16,186.9396855,286.9332984,649.99274,-44.898075,36.85108,15.282627,-10.243922,3.2195272,2.4579754,-4.113442,-0.5970532,0.002880913,5,69.00382241,1,2,0.97,-3.506557897
CCCCOCCCC,,,O=S(=O)(F)[N-]S(=O)(=O)F.[Li+],,,-46.428818,97.02278,1.6461834,12.630934,-14.309485,-22.532152,6.0614533,-13.413058,6.1769934,-17.573534,1,0,0,9,0,0,130.1357652,0,0,46.835907,-37.55774,-2.2605703,-1.6913636,-2.1326401,0.64185625,0.2289303,-0.13060114,0.11225057,0.041150816,2,0,10,0,186.9396855,0,0,0,0,0,0,0,0,0,0,0,0,0,4,0.5,0.99,-4.605170186
CCOCCOCC,C1CCOC1,,F[As-](F)(F)(F)(F)F.[Li+],,,-244.77582,-1.6879749,-13.781938,18.462837,31.622707,-11.632814,-10.6495285,-18.24253,4.026348,-13.59798,0.9,0.1,0,8,5,0,118.0993797,72.05751488,0,-93.11358,51.149864,-19.272934,-8.102427,-6.7971306,18.451204,5.505031,-2.8257568,-5.4752183,-0.039569993,2.5,0,8,0,195.9280204,0,0,0,0,0,0,0,0,0,0,0,0,0,-1,5,0.978,-3.816712826
O=C1OCC(F)O1,CCOC(C)=O,,F[P-](F)(F)(F)(F)F.[Li+],,,65.92674,-96.074715,-27.222057,15.132236,-11.221747,-0.24644548,-4.9810457,-15.236693,-15.161561,-4.8254967,0.142857143,0.857142857,0,7,6,0,106.0066222,88.0524295,0,-271.49637,29.128769,-4.6876454,2.8940535,-5.0519276,-6.773956,-1.2934432,0.9681573,1.7162259,-0.04653487,1.1,0,8,0,151.9801855,0,0,0,0,0,0,0,0,0,0,0,0,0,-1,1.1,0.977,-3.772261063
O=C1OCC(F)O1,CCOC(C)=O,,F[P-](F)(F)(F)(F)F.[Li+],,,65.92674,-96.074715,-27.222057,15.132236,-11.221747,-0.24644548,-4.9810457,-15.236693,-15.161561,-4.8254967,0.2,0.8,0,7,6,0,106.0066222,88.0524295,0,-271.49637,29.128769,-4.6876454,2.8940535,-5.0519276,-6.773956,-1.2934432,0.9681573,1.7162259,-0.04653487,1.1,0,8,0,151.9801855,0,0,0,0,0,0,0,0,0,0,0,0,0,-1,1.1,0.98,-3.912023005
O=C1OCC(F)O1,CCOC(C)=O,,F[P-](F)(F)(F)(F)F.[Li+],,,65.92674,-96.074715,-27.222057,15.132236,-11.221747,-0.24644548,-4.9810457,-15.236693,-15.161561,-4.8254967,0.25,0.75,0,7,6,0,106.0066222,88.0524295,0,-271.49637,29.128769,-4.6876454,2.8940535,-5.0519276,-6.773956,-1.2934432,0.9681573,1.7162259,-0.04653487,1.1,0,8,0,151.9801855,0,0,0,0,0,0,0,0,0,0,0,0,0,-1,1.1,0.982,-4.017383521
COCCOC,FC(F)C(F)(F)COC(F)(F)C(F)F,,O=S(=O)(F)[N-]S(=O)(=O)F.[Li+],,,-80.61767,-79.82628,59.931034,-7.9668875,-7.8592706,-15.903416,-3.5644133,-0.013645778,12.150309,-0.6523209,0.53,0.47,0,6,14,0,90.06807956,232.0134405,0,46.835907,-37.55774,-2.2605703,-1.6913636,-2.1326401,0.64185625,0.2289303,-0.13060114,0.11225057,0.041150816,1,0,10,0,186.9396855,0,0,0,0,0,0,0,0,0,0,0,0,0,2,0.5,0.9994,-7.418580903
COCCOC,FC(F)C(F)(F)COC(F)(F)C(F)F,,O=S(=O)(F)[N-]S(=O)(=O)F.[Li+],F[B-](F)(F)F.[Li+],,-80.61767,-79.82628,59.931034,-7.9668875,-7.8592706,-15.903416,-3.5644133,-0.013645778,12.150309,-0.6523209,0.53,0.47,0,6,14,0,90.06807956,232.0134405,0,-712.4018,-38.086166,123.65032,77.537056,26.465473,8.499763,9.337962,4.413764,-23.24756,-3.866178,0.9,0.1,10,6,186.9396855,94.01892283,0,0,0,0,0,0,0,0,0,0,0,0,2,0.5,0.9811,-3.968593357
COCCOC,FC(F)C(F)(F)COC(F)(F)C(F)F,,O=S(=O)(F)[N-]S(=O)(=O)F.[Li+],[Li+].[O-][Cl+3]([O-])([O-])[O-],,-80.61767,-79.82628,59.931034,-7.9668875,-7.8592706,-15.903416,-3.5644133,-0.013645778,12.150309,-0.6523209,0.53,0.47,0,6,14,0,90.06807956,232.0134405,0,-9.775976,27.717287,57.130005,-0.997894,36.689613,11.537345,50.71996,6.0358486,39.21161,-23.07589,0.9,0.1,10,6,186.9396855,105.9645157,0,0,0,0,0,0,0,0,0,0,0,0,2,0.5,0.997,-5.80914299
COCCOC,FC(F)C(F)(F)COC(F)(F)C(F)F,,O=S(=O)(F)[N-]S(=O)(=O)F.[Li+],O=C1O[B-](F)(F)OC1=O.[Li+],,-80.61767,-79.82628,59.931034,-7.9668875,-7.8592706,-15.903416,-3.5644133,-0.013645778,12.150309,-0.6523209,0.53,0.47,0,6,14,0,90.06807956,232.0134405,0,579.168,62.379593,18.532568,-13.224895,1.0540062,10.673427,6.5745316,30.519415,22.303944,34.841454,0.9,0.1,10,10,186.9396855,144.0017749,0,0,0,0,0,0,0,0,0,0,0,0,2,0.5,0.9923,-4.86653495
COCCOC,FC(F)C(F)(F)COC(F)(F)C(F)F,,O=S(=O)(F)[N-]S(=O)(=O)F.[Li+],O=S(=O)([O-])C(F)(F)F.[Li+],,-80.61767,-79.82628,59.931034,-7.9668875,-7.8592706,-15.903416,-3.5644133,-0.013645778,12.150309,-0.6523209,0.53,0.47,0,6,14,0,90.06807956,232.0134405,0,457.43045,32.674946,47.847115,6.665179,-3.4415019,3.6689703,7.858532,28.504368,-8.329094,12.292144,0.9,0.1,10,9,186.9396855,155.9680291,0,0,0,0,0,0,0,0,0,0,0,0,2,0.5,0.9948,-5.259096653
COCCOC,FC(F)C(F)(F)COC(F)(F)C(F)F,,O=S(=O)(F)[N-]S(=O)(=O)F.[Li+],F[P-](F)(F)(F)(F)F.[Li+],,-80.61767,-79.82628,59.931034,-7.9668875,-7.8592706,-15.903416,-3.5644133,-0.013645778,12.150309,-0.6523209,0.53,0.47,0,6,14,0,90.06807956,232.0134405,0,-364.0558,-5.819435,101.65457,55.77177,16.538057,3.0141494,11.892881,12.939441,-16.95308,5.47686,0.9,0.1,10,8,186.9396855,151.9801855,0,0,0,0,0,0,0,0,0,0,0,0,2,0.5,0.9953,-5.36019277
COCCOC,FC(F)C(F)(F)COC(F)(F)C(F)F,,O=S(=O)(F)[N-]S(=O)(=O)F.[Li+],O=S(=O)([N-]S(=O)(=O)C(F)(F)F)C(F)(F)F.[Li+],,-80.61767,-79.82628,59.931034,-7.9668875,-7.8592706,-15.903416,-3.5644133,-0.013645778,12.150309,-0.6523209,0.53,0.47,0,6,14,0,90.06807956,232.0134405,0,459.2217,47.38395,62.609238,-11.724538,-10.754508,-3.0011094,-5.096339,-9.243805,0.5017421,-0.72151434,0.9,0.1,10,16,186.9396855,286.9332984,0,0,0,0,0,0,0,0,0,0,0,0,2,0.5,0.9994,-7.418580903
COC(=O)OCC(F)(F)F,,,O=S(=O)(F)[N-]S(=O)(=O)F.[Li+],,,-408.95398,-30.748543,11.132723,-30.842178,12.018458,25.723614,9.599259,-4.5488343,-16.528173,-12.023348,1,0,0,10,0,0,158.0190787,0,0,46.835907,-37.55774,-2.2605703,-1.6913636,-2.1326401,0.64185625,0.2289303,-0.13060114,0.11225057,0.041150816,3.16,0,10,0,186.9396855,0,0,0,0,0,0,0,0,0,0,0,0,0,2,0.5,0.947,-2.937463365
COC(=O)OCC(F)(F)F,,,O=S(=O)(F)[N-]S(=O)(=O)F.[Li+],,,-408.95398,-30.748543,11.132723,-30.842178,12.018458,25.723614,9.599259,-4.5488343,-16.528173,-12.023348,1,0,0,10,0,0,158.0190787,0,0,46.835907,-37.55774,-2.2605703,-1.6913636,-2.1326401,0.64185625,0.2289303,-0.13060114,0.11225057,0.041150816,3.4,0,10,0,186.9396855,0,0,0,0,0,0,0,0,0,0,0,0,0,2,0.5,0.972,-3.575550769
C1COCCO1,,,O=S(=O)(F)[N-]S(=O)(=O)F.[Li+],,,374.64053,-13.7622795,-4.61656,22.110899,35.834965,-11.929819,-4.4102864,-6.2240567,1.9619583,3.426994,1,0,0,6,0,0,88.0524295,0,0,46.835907,-37.55774,-2.2605703,-1.6913636,-2.1326401,0.64185625,0.2289303,-0.13060114,0.11225057,0.041150816,1,0,10,0,186.9396855,0,0,0,0,0,0,0,0,0,0,0,0,0,2,0.5,0.949,-2.975929646
CCO[Si](OCC)(OCC)OCC,,,O=S(=O)(F)[N-]S(=O)(=O)F.[Li+],,,-63.34389,26.172277,5.1765695,-2.2702541,4.4715,-16.985731,41.35814,-8.428877,-27.941456,22.5563,1,0,0,13,0,0,208.1130857,0,0,46.835907,-37.55774,-2.2605703,-1.6913636,-2.1326401,0.64185625,0.2289303,-0.13060114,0.11225057,0.041150816,0.8,0,10,0,186.9396855,0,0,0,0,0,0,0,0,0,0,0,0,0,2,0.5,0.99074,-4.68205123
CCO[Si](OC)(OCC)OCC,,,O=S(=O)(F)[N-]S(=O)(=O)F.[Li+],,,-70.93091,18.255447,4.6750402,-1.5555712,3.7285554,-15.4881,44.76599,-6.417569,-23.646793,27.893612,1,0,0,12,0,0,194.0974356,0,0,46.835907,-37.55774,-2.2605703,-1.6913636,-2.1326401,0.64185625,0.2289303,-0.13060114,0.11225057,0.041150816,0.8,0,10,0,186.9396855,0,0,0,0,0,0,0,0,0,0,0,0,0,2,0.5,0.99255,-4.899541247
CCO[Si](C)(C)OCC,,,O=S(=O)(F)[N-]S(=O)(=O)F.[Li+],,,-61.57497,31.608116,-1.6714736,-1.41423,29.313513,7.374481,30.077671,-1.3967046,-16.750647,9.554119,1,0,0,9,0,0,148.0919563,0,0,46.835907,-37.55774,-2.2605703,-1.6913636,-2.1326401,0.64185625,0.2289303,-0.13060114,0.11225057,0.041150816,1.5,0,10,0,186.9396855,0,0,0,0,0,0,0,0,0,0,0,0,0,2,0.5,0.99373,-5.071978924
CO[Si](C)(C)OC,,,O=S(=O)(F)[N-]S(=O)(=O)F.[Li+],,,5.4020243,69.06739,-2.2024455,-12.765357,31.526262,10.880734,18.148718,6.6052327,-6.5003967,11.288347,1,0,0,7,0,0,120.0606562,0,0,46.835907,-37.55774,-2.2605703,-1.6913636,-2.1326401,0.64185625,0.2289303,-0.13060114,0.11225057,0.041150816,0.8,0,10,0,186.9396855,0,0,0,0,0,0,0,0,0,0,0,0,0,2,0.5,0.99759,-6.028128531
O=S1(=O)CCCC1,,,O=S(=O)(F)[N-]S(=O)(=O)F.[Li+],,,488.71704,59.473896,17.828417,-12.404927,7.683675,46.233986,-3.4791548,10.291774,12.132977,9.49134,1,0,0,7,0,0,120.0245005,0,0,46.835907,-37.55774,-2.2605703,-1.6913636,-2.1326401,0.64185625,0.2289303,-0.13060114,0.11225057,0.041150816,2.62,0,10,0,186.9396855,0,0,0,0,0,0,0,0,0,0,0,0,0,2,0.5,0.982,-4.017383521
O=S1(=O)CCCC1,FC(F)C(F)(F)COC(F)(F)C(F)F,,O=S(=O)(F)[N-]S(=O)(=O)F.[Li+],,,-157.24594,-93.02043,51.87335,-13.462182,-8.90054,18.96468,-14.528912,-11.747053,21.902327,22.804018,0.39,0.61,0,7,14,0,120.0245005,232.0134405,0,46.835907,-37.55774,-2.2605703,-1.6913636,-2.1326401,0.64185625,0.2289303,-0.13060114,0.11225057,0.041150816,1.2,0,10,0,186.9396855,0,0,0,0,0,0,0,0,0,0,0,0,0,2,0.5,0.988,-4.422848629
COC1OCC(C(F)(F)F)O1,,,O=S(=O)(F)[N-]S(=O)(=O)F.[Li+],,,-302.4257,-50.619164,7.512139,-11.243821,0.39367372,18.516932,3.6063092,-2.4712286,-19.082096,2.8658168,1,0,0,11,0,0,172.0347287,0,0,46.835907,-37.55774,-2.2605703,-1.6913636,-2.1326401,0.64185625,0.2289303,-0.13060114,0.11225057,0.041150816,1,0,10,0,186.9396855,0,0,0,0,0,0,0,0,0,0,0,0,0,2,1,0.987,-4.342805922
COC1(OC)OCC(C(F)(F)F)O1,,,O=S(=O)(F)[N-]S(=O)(=O)F.[Li+],,,-484.88464,-55.8373,13.064472,-21.287367,9.842394,-0.1578149,4.998005,8.497405,-12.208233,6.6278086,1,0,0,13,0,0,202.0452934,0,0,46.835907,-37.55774,-2.2605703,-1.6913636,-2.1326401,0.64185625,0.2289303,-0.13060114,0.11225057,0.041150816,1,0,10,0,186.9396855,0,0,0,0,0,0,0,0,0,0,0,0,0,2,0.5,0.992,-4.828313737